,Experiment_Acc.x,Library_Acc.x,File_Acc,Avg_Score,R0_Count,R1_Count,Enrichment,life_stage_age,perturbed,lab,biosample_class,developmental_slims,system_slims,organ_slims,cell_slims,Antibody,Biosample,Library_Acc.y,Experiment_Acc.y,Correlation,cluster,corr_motif1,corr_motif2
1,ENCSR230ORT,ENCLB601XIH,ENCFF044PFA,-3307.08997139165,453,547,1.2075055187638,adult 54 years,False,/labs/bradley-bernstein/,tissue,"['endoderm', 'mesoderm']",,['prostate gland'],[],ENCAB000AXX,ENCBS633UTQ,ENCLB601XIH,ENCSR230ORT,-0.0070042737459724,1,-0.039972,-0.072038
2,ENCSR230ORT,ENCLB140POX,ENCFF024RGC,-3290.07355837255,374,626,1.67379679144385,adult 54 years,False,/labs/bradley-bernstein/,tissue,"['endoderm', 'mesoderm']",,['prostate gland'],[],ENCAB000AXX,ENCBS619YXY,ENCLB140POX,ENCSR230ORT,0.74959373565315,1,0.668494,0.730601
3,ENCSR230ORT,ENCLB140POX,ENCFF641QWF,-3289.67939170715,377,624,1.6551724137931,adult 54 years,False,/labs/bradley-bernstein/,tissue,"['endoderm', 'mesoderm']",,['prostate gland'],[],ENCAB000AXX,ENCBS619YXY,ENCLB140POX,ENCSR230ORT,0.311142163659585,1,0.923618,0.039039
4,ENCSR000ANE,ENCLB695ALS,ENCFF000BKS,-3338.53301311254,476,528,1.10924369747899,adult 22 years,False,/labs/bradley-bernstein/,primary cell,['mesoderm'],,['musculature of body'],"['embryonic cell', 'myoblast']",ENCAB000AXY,ENCBS914GNL,ENCLB695ALS,ENCSR000ANE,-0.480852379850341,1,-0.02659,0.71994
5,ENCSR542SCB,ENCLB019YTQ,ENCFF851HMF,-3294.54687334293,462,538,1.16450216450216,adult 51 years,False,/labs/bradley-bernstein/,tissue,"['mesoderm', 'endoderm']",,"['intestine', 'lymphoid tissue']",[],ENCAB719MQZ,ENCBS654VYQ,ENCLB019YTQ,ENCSR542SCB,0.721760191521838,1,0.723716,0.695165
6,ENCSR542SCB,ENCLB068BME,ENCFF193FLJ,-3293.02689307074,457,543,1.18818380743982,adult 51 years,False,/labs/bradley-bernstein/,tissue,"['mesoderm', 'endoderm']",,"['intestine', 'lymphoid tissue']",[],ENCAB719MQZ,ENCBS654VYQ,ENCLB068BME,ENCSR542SCB,0.785014138526155,1,0.017426,0.66344
7,ENCSR542SCB,ENCLB068BME,ENCFF411BGX,-3295.85172817499,462,538,1.16450216450216,adult 51 years,False,/labs/bradley-bernstein/,tissue,"['mesoderm', 'endoderm']",,"['intestine', 'lymphoid tissue']",[],ENCAB719MQZ,ENCBS654VYQ,ENCLB068BME,ENCSR542SCB,0.200645894122068,1,0.7163,0.675874
8,ENCSR385CDF,ENCLB032MQG,ENCFF078KRC,-3356.62965816644,357,645,1.80672268907563,adult 48 years,True,/labs/bradley-bernstein/,cell line,['endoderm'],,"['intestine', 'colon', 'epithelium', 'large intestine']","['epithelial cell', 'cancer cell']",ENCAB719MQZ,ENCBS981HND,ENCLB032MQG,ENCSR385CDF,0.171947084008461,1,0.92351,0.289152
9,ENCSR385CDF,ENCLB707IVN,ENCFF355ZNL,-3339.92539666184,280,721,2.575,adult 48 years,True,/labs/bradley-bernstein/,cell line,['endoderm'],,"['intestine', 'colon', 'epithelium', 'large intestine']","['epithelial cell', 'cancer cell']",ENCAB719MQZ,ENCBS981HND,ENCLB707IVN,ENCSR385CDF,0.17614601792679,1,0.921702,0.169623
10,ENCSR385CDF,ENCLB707IVN,ENCFF282QIK,-3342.07995093329,297,704,2.37037037037037,adult 48 years,True,/labs/bradley-bernstein/,cell line,['endoderm'],,"['intestine', 'colon', 'epithelium', 'large intestine']","['epithelial cell', 'cancer cell']",ENCAB719MQZ,ENCBS981HND,ENCLB707IVN,ENCSR385CDF,0.178148774831133,1,0.926518,0.141265
11,ENCSR385CDF,ENCLB707IVN,ENCFF989TFU,-3342.50510817721,292,709,2.42808219178082,adult 48 years,True,/labs/bradley-bernstein/,cell line,['endoderm'],,"['intestine', 'colon', 'epithelium', 'large intestine']","['epithelial cell', 'cancer cell']",ENCAB719MQZ,ENCBS981HND,ENCLB707IVN,ENCSR385CDF,0.177378823926843,1,0.929354,0.169885
12,ENCSR385CDF,ENCLB707IVN,ENCFF679VJJ,-3339.0595056972,277,725,2.6173285198556,adult 48 years,True,/labs/bradley-bernstein/,cell line,['endoderm'],,"['intestine', 'colon', 'epithelium', 'large intestine']","['epithelial cell', 'cancer cell']",ENCAB719MQZ,ENCBS981HND,ENCLB707IVN,ENCSR385CDF,0.16928050106768,1,0.923103,0.114062
13,ENCSR799TJD,ENCLB327NNR,ENCFF401LZJ,-3292.42493270768,338,662,1.9585798816568,adult 51 years,False,/labs/bradley-bernstein/,tissue,['endoderm'],,['lung'],[],ENCAB000AXX,ENCBS939RMD,ENCLB327NNR,ENCSR799TJD,0.717009033799198,1,-0.327793,0.936385
14,ENCSR799TJD,ENCLB327NNR,ENCFF256WLC,-3287.53650142347,321,679,2.11526479750779,adult 51 years,False,/labs/bradley-bernstein/,tissue,['endoderm'],,['lung'],[],ENCAB000AXX,ENCBS939RMD,ENCLB327NNR,ENCSR799TJD,0.708676143908028,1,0.759484,0.719689
15,ENCSR000DWY,ENCLB752ZEB,ENCFF001HWA,-3330.04822326567,180,823,4.57222222222222,adult 45 years,False,/labs/john-stamatoyannopoulos/,primary cell,['endoderm'],,"['connective tissue', 'lung']","['connective tissue cell', 'fibroblast']",ENCAB000AFP,ENCBS936GPP,ENCLB752ZEB,ENCSR000DWY,0.886551502480769,1,0.885865,0.279039
16,ENCSR466TNQ,ENCLB787MRS,ENCFF243VFT,-3316.44804477731,279,721,2.584229390681,adult 61 years,False,/labs/bradley-bernstein/,tissue,['mesoderm'],,"['spleen', 'immune organ']",[],ENCAB719MQZ,ENCBS193VFU,ENCLB787MRS,ENCSR466TNQ,0.738002195427135,1,0.0,0.0
17,ENCSR000BQE,ENCLB559JDP,ENCFF000NKZ,-3355.662283163,357,643,1.80112044817927,adult 39 years,True,/labs/richard-myers/,cell line,[],,['uterus'],['cancer cell'],ENCAB000AFR,ENCBS312UTV,ENCLB559JDP,ENCSR000BQE,0.26422226981969,1,-0.022683,0.943194
18,ENCSR671ITY,ENCLB526UOI,ENCFF631WSI,-3294.77455573378,164,839,5.11585365853659,adult 48 years,True,/labs/bradley-bernstein/,cell line,['endoderm'],,"['intestine', 'colon', 'epithelium', 'large intestine']","['epithelial cell', 'cancer cell']",ENCAB719MQZ,ENCBS628SFE,ENCLB526UOI,ENCSR671ITY,0.140344926264775,1,0.943392,-0.090446
19,ENCSR671ITY,ENCLB526UOI,ENCFF309XGI,-3294.7878208974,169,833,4.92899408284024,adult 48 years,True,/labs/bradley-bernstein/,cell line,['endoderm'],,"['intestine', 'colon', 'epithelium', 'large intestine']","['epithelial cell', 'cancer cell']",ENCAB719MQZ,ENCBS628SFE,ENCLB526UOI,ENCSR671ITY,0.140761167507459,1,0.946114,0.129453
20,ENCSR671ITY,ENCLB526UOI,ENCFF186MIP,-3295.6325145475,168,836,4.97619047619048,adult 48 years,True,/labs/bradley-bernstein/,cell line,['endoderm'],,"['intestine', 'colon', 'epithelium', 'large intestine']","['epithelial cell', 'cancer cell']",ENCAB719MQZ,ENCBS628SFE,ENCLB526UOI,ENCSR671ITY,0.143005603551647,1,0.941109,0.067294
21,ENCSR671ITY,ENCLB526UOI,ENCFF895PXF,-3296.00837707241,166,840,5.06024096385542,adult 48 years,True,/labs/bradley-bernstein/,cell line,['endoderm'],,"['intestine', 'colon', 'epithelium', 'large intestine']","['epithelial cell', 'cancer cell']",ENCAB719MQZ,ENCBS628SFE,ENCLB526UOI,ENCSR671ITY,0.140929741351291,1,0.940545,0.13631
22,ENCSR671ITY,ENCLB704HCC,ENCFF907KEZ,-3298.31879788168,170,833,4.9,adult 48 years,True,/labs/bradley-bernstein/,cell line,['endoderm'],,"['intestine', 'colon', 'epithelium', 'large intestine']","['epithelial cell', 'cancer cell']",ENCAB719MQZ,ENCBS628SFE,ENCLB704HCC,ENCSR671ITY,0.13969989731859,1,0.953321,0.227745
23,ENCSR671ITY,ENCLB704HCC,ENCFF540HZC,-3299.14783967209,169,836,4.94674556213018,adult 48 years,True,/labs/bradley-bernstein/,cell line,['endoderm'],,"['intestine', 'colon', 'epithelium', 'large intestine']","['epithelial cell', 'cancer cell']",ENCAB719MQZ,ENCBS628SFE,ENCLB704HCC,ENCSR671ITY,0.139736403105823,1,0.954473,0.228878
24,ENCSR671ITY,ENCLB704HCC,ENCFF720ASD,-3297.2915441067,164,838,5.10975609756098,adult 48 years,True,/labs/bradley-bernstein/,cell line,['endoderm'],,"['intestine', 'colon', 'epithelium', 'large intestine']","['epithelial cell', 'cancer cell']",ENCAB719MQZ,ENCBS628SFE,ENCLB704HCC,ENCSR671ITY,0.133808441201615,1,0.950827,0.218832
25,ENCSR671ITY,ENCLB704HCC,ENCFF696QFH,-3299.39714644227,170,832,4.89411764705882,adult 48 years,True,/labs/bradley-bernstein/,cell line,['endoderm'],,"['intestine', 'colon', 'epithelium', 'large intestine']","['epithelial cell', 'cancer cell']",ENCAB719MQZ,ENCBS628SFE,ENCLB704HCC,ENCSR671ITY,0.135998986163444,1,0.954158,-0.228519
26,ENCSR079YAP,ENCLB021PKO,ENCFF702GBY,-3291.92546682235,456,546,1.19736842105263,adult 37 years,False,/labs/bradley-bernstein/,tissue,['mesoderm'],,"['vasculature', 'arterial blood vessel', 'limb', 'blood vessel']",[],ENCAB719MQZ,ENCBS452GMG,ENCLB021PKO,ENCSR079YAP,0.728708665788925,1,0.937223,-0.118112
27,ENCSR261VAS,ENCLB380MYK,ENCFF137VYP,-3325.10289732786,538,472,0.87732342007435,embryonic 5 days,False,/labs/bradley-bernstein/,in vitro differentiated cells,['mesoderm'],,['musculature of body'],['smooth muscle cell'],ENCAB000AXX,ENCBS899TTJ,ENCLB380MYK,ENCSR261VAS,0.731349839752873,1,0.726453,0.769582
28,ENCSR038VWU,ENCLB703OBD,ENCFF890PFH,-3322.36537938786,320,681,2.128125,adult 40 years,False,/labs/bradley-bernstein/,tissue,['endoderm'],,"['intestine', 'colon', 'large intestine']",[],ENCAB719MQZ,ENCBS724VYT,ENCLB703OBD,ENCSR038VWU,0.791226908681721,1,0.927568,0.061489
29,ENCSR038VWU,ENCLB703OBD,ENCFF041UKL,-3323.73525558715,319,682,2.13793103448276,adult 40 years,False,/labs/bradley-bernstein/,tissue,['endoderm'],,"['intestine', 'colon', 'large intestine']",[],ENCAB719MQZ,ENCBS724VYT,ENCLB703OBD,ENCSR038VWU,0.0567347032014954,1,0.932049,0.122285
30,ENCSR038VWU,ENCLB125XSZ,ENCFF371TDK,-3314.61303148723,282,719,2.54964539007092,adult 40 years,False,/labs/bradley-bernstein/,tissue,['endoderm'],,"['intestine', 'colon', 'large intestine']",[],ENCAB719MQZ,ENCBS724VYT,ENCLB125XSZ,ENCSR038VWU,0.757549002978209,1,-0.005095,0.051688
31,ENCSR038VWU,ENCLB125XSZ,ENCFF988YXU,-3314.24257152587,290,712,2.4551724137931,adult 40 years,False,/labs/bradley-bernstein/,tissue,['endoderm'],,"['intestine', 'colon', 'large intestine']",[],ENCAB719MQZ,ENCBS724VYT,ENCLB125XSZ,ENCSR038VWU,-0.232017002382165,1,0.114586,-0.053957
32,ENCSR038VWU,ENCLB125XSZ,ENCFF807JQB,-3315.6748346392,293,708,2.41638225255973,adult 40 years,False,/labs/bradley-bernstein/,tissue,['endoderm'],,"['intestine', 'colon', 'large intestine']",[],ENCAB719MQZ,ENCBS724VYT,ENCLB125XSZ,ENCSR038VWU,-0.156001256581531,1,-0.169732,0.818349
33,ENCSR038VWU,ENCLB125XSZ,ENCFF686QWF,-3309.95065449056,265,738,2.78490566037736,adult 40 years,False,/labs/bradley-bernstein/,tissue,['endoderm'],,"['intestine', 'colon', 'large intestine']",[],ENCAB719MQZ,ENCBS724VYT,ENCLB125XSZ,ENCSR038VWU,-0.164450236769386,1,-0.251223,0.734048
34,ENCSR341OQG,ENCLB088XOY,ENCFF587JXK,-3312.85527164413,225,780,3.46666666666667,adult 48 years,True,/labs/bradley-bernstein/,cell line,['endoderm'],,"['intestine', 'colon', 'epithelium', 'large intestine']","['epithelial cell', 'cancer cell']",ENCAB719MQZ,ENCBS086NCD,ENCLB088XOY,ENCSR341OQG,0.139297969558098,1,0.949406,0.071791
35,ENCSR341OQG,ENCLB088XOY,ENCFF500TQS,-3312.37103475547,218,787,3.61009174311927,adult 48 years,True,/labs/bradley-bernstein/,cell line,['endoderm'],,"['intestine', 'colon', 'epithelium', 'large intestine']","['epithelial cell', 'cancer cell']",ENCAB719MQZ,ENCBS086NCD,ENCLB088XOY,ENCSR341OQG,0.140277000106675,1,0.950553,0.040054
36,ENCSR979ZEO,ENCLB901ZOX,ENCFF088LJF,-3333.31788977728,286,715,2.5,adult 48 years,True,/labs/bradley-bernstein/,cell line,['endoderm'],,"['intestine', 'colon', 'epithelium', 'large intestine']","['epithelial cell', 'cancer cell']",ENCAB719MQZ,ENCBS385ZCY,ENCLB901ZOX,ENCSR979ZEO,0.159667686342604,1,0.938565,0.098382
37,ENCSR979ZEO,ENCLB901ZOX,ENCFF619APA,-3334.96799376423,290,711,2.45172413793103,adult 48 years,True,/labs/bradley-bernstein/,cell line,['endoderm'],,"['intestine', 'colon', 'epithelium', 'large intestine']","['epithelial cell', 'cancer cell']",ENCAB719MQZ,ENCBS385ZCY,ENCLB901ZOX,ENCSR979ZEO,0.158949923951028,1,0.942927,0.095507
38,ENCSR160GVO,ENCLB600DTX,ENCFF395YSV,-3312.99737288799,274,729,2.66058394160584,adult 48 years,True,/labs/bradley-bernstein/,cell line,['endoderm'],,"['intestine', 'colon', 'epithelium', 'large intestine']","['epithelial cell', 'cancer cell']",ENCAB719MQZ,ENCBS088IDX,ENCLB600DTX,ENCSR160GVO,0.864421939430824,1,0.946069,0.011806
39,ENCSR160GVO,ENCLB600DTX,ENCFF781ZDF,-3317.41215009005,295,708,2.4,adult 48 years,True,/labs/bradley-bernstein/,cell line,['endoderm'],,"['intestine', 'colon', 'epithelium', 'large intestine']","['epithelial cell', 'cancer cell']",ENCAB719MQZ,ENCBS088IDX,ENCLB600DTX,ENCSR160GVO,0.863453837874368,1,0.94286,-0.01569
40,ENCSR160GVO,ENCLB600DTX,ENCFF608AEX,-3312.34455641248,263,738,2.80608365019011,adult 48 years,True,/labs/bradley-bernstein/,cell line,['endoderm'],,"['intestine', 'colon', 'epithelium', 'large intestine']","['epithelial cell', 'cancer cell']",ENCAB719MQZ,ENCBS088IDX,ENCLB600DTX,ENCSR160GVO,0.856706276260328,1,0.943151,-0.023554
41,ENCSR525VXD,ENCLB780IBS,ENCFF465HJK,-3311.1408172791,277,726,2.62093862815884,adult 90 or above years,False,/labs/bradley-bernstein/,tissue,['ectoderm'],,['brain'],[],ENCAB719MQZ,ENCBS464LBN,ENCLB780IBS,ENCSR525VXD,0.140931094752306,1,0.923355,-0.428434
42,ENCSR259PNW,ENCLB700JQW,ENCFF080JRN,-3356.77389860303,640,361,0.5640625,adult 88 years,False,/labs/bradley-bernstein/,tissue,['ectoderm'],,['brain'],[],ENCAB719MQZ,ENCBS995IIS,ENCLB700JQW,ENCSR259PNW,-0.0564366336758079,1,-0.015211,0.914054
43,ENCSR825NXC,ENCLB619XGY,ENCFF995XYQ,-3413.44951940869,936,64,0.0683760683760684,adult 56 years,False,/labs/bradley-bernstein/,tissue,['mesoderm'],,['heart'],[],ENCAB719MQZ,ENCBS906ICM,ENCLB619XGY,ENCSR825NXC,-0.0310846031718821,1,0.143831,0.286345
44,ENCSR059BCO,ENCLB785JEZ,ENCFF279LFP,-3326.68289477302,217,784,3.61290322580645,adult 48 years,True,/labs/bradley-bernstein/,cell line,['endoderm'],,"['intestine', 'colon', 'epithelium', 'large intestine']","['epithelial cell', 'cancer cell']",ENCAB719MQZ,ENCBS814XCI,ENCLB785JEZ,ENCSR059BCO,0.144808705281807,1,0.943357,0.298954
45,ENCSR059BCO,ENCLB785JEZ,ENCFF944XAC,-3324.51118453004,211,790,3.74407582938389,adult 48 years,True,/labs/bradley-bernstein/,cell line,['endoderm'],,"['intestine', 'colon', 'epithelium', 'large intestine']","['epithelial cell', 'cancer cell']",ENCAB719MQZ,ENCBS814XCI,ENCLB785JEZ,ENCSR059BCO,0.149272985806094,1,0.945295,0.337544
46,ENCSR059BCO,ENCLB785JEZ,ENCFF519TUC,-3322.51633451549,209,793,3.79425837320574,adult 48 years,True,/labs/bradley-bernstein/,cell line,['endoderm'],,"['intestine', 'colon', 'epithelium', 'large intestine']","['epithelial cell', 'cancer cell']",ENCAB719MQZ,ENCBS814XCI,ENCLB785JEZ,ENCSR059BCO,0.148634953875217,1,0.944376,0.3248
47,ENCSR059BCO,ENCLB158IJT,ENCFF786BMS,-3316.57657192401,196,805,4.10714285714286,adult 48 years,True,/labs/bradley-bernstein/,cell line,['endoderm'],,"['intestine', 'colon', 'epithelium', 'large intestine']","['epithelial cell', 'cancer cell']",ENCAB719MQZ,ENCBS814XCI,ENCLB158IJT,ENCSR059BCO,0.141422756058845,1,0.947578,0.127182
48,ENCSR059BCO,ENCLB158IJT,ENCFF143DGJ,-3317.79745177875,187,813,4.3475935828877,adult 48 years,True,/labs/bradley-bernstein/,cell line,['endoderm'],,"['intestine', 'colon', 'epithelium', 'large intestine']","['epithelial cell', 'cancer cell']",ENCAB719MQZ,ENCBS814XCI,ENCLB158IJT,ENCSR059BCO,0.142872862166517,1,0.942849,0.236502
49,ENCSR473DVS,ENCLB293JMQ,ENCFF004CTS,-3319.87216252113,354,646,1.82485875706215,adult 40 years,False,/labs/bradley-bernstein/,tissue,['mesoderm'],,['heart'],[],ENCAB719MQZ,ENCBS480XPH,ENCLB293JMQ,ENCSR473DVS,0.697952110668577,1,0.717775,0.730777
50,ENCSR473DVS,ENCLB293JMQ,ENCFF835ZTN,-3320.77741771983,366,638,1.7431693989071,adult 40 years,False,/labs/bradley-bernstein/,tissue,['mesoderm'],,['heart'],[],ENCAB719MQZ,ENCBS480XPH,ENCLB293JMQ,ENCSR473DVS,0.726206476348033,1,0.796054,0.65109
51,ENCSR473DVS,ENCLB293JMQ,ENCFF237ZIG,-3321.55167353172,357,643,1.80112044817927,adult 40 years,False,/labs/bradley-bernstein/,tissue,['mesoderm'],,['heart'],[],ENCAB719MQZ,ENCBS480XPH,ENCLB293JMQ,ENCSR473DVS,0.165755948897893,1,0.755824,0.711139
52,ENCSR473DVS,ENCLB232SNY,ENCFF176BBV,-3322.8639793619,382,621,1.62565445026178,adult 40 years,False,/labs/bradley-bernstein/,tissue,['mesoderm'],,['heart'],[],ENCAB719MQZ,ENCBS480XPH,ENCLB232SNY,ENCSR473DVS,0.764037028478379,1,0.939184,-0.030754
53,ENCSR946MNG,ENCLB793JVC,ENCFF082GJC,-3292.95923049048,402,598,1.48756218905473,adult 37 years,False,/labs/bradley-bernstein/,tissue,"['endoderm', 'mesoderm']",,['prostate gland'],[],ENCAB719MQZ,ENCBS985DZK,ENCLB793JVC,ENCSR946MNG,0.242913976159629,1,0.681574,0.690468
54,ENCSR946MNG,ENCLB166VBB,ENCFF248USD,-3293.03581273197,390,610,1.56410256410256,adult 37 years,False,/labs/bradley-bernstein/,tissue,"['endoderm', 'mesoderm']",,['prostate gland'],[],ENCAB719MQZ,ENCBS985DZK,ENCLB166VBB,ENCSR946MNG,-0.0037899287448847,1,-0.188848,0.920155
55,ENCSR946MNG,ENCLB166VBB,ENCFF086XOB,-3289.04225912305,388,612,1.57731958762887,adult 37 years,False,/labs/bradley-bernstein/,tissue,"['endoderm', 'mesoderm']",,['prostate gland'],[],ENCAB719MQZ,ENCBS985DZK,ENCLB166VBB,ENCSR946MNG,0.691393338439684,1,0.090206,0.018768
56,ENCSR216SIK,ENCLB143IDI,ENCFF851YNO,-3309.49321385815,243,758,3.11934156378601,adult 48 years,True,/labs/bradley-bernstein/,cell line,['endoderm'],,"['intestine', 'colon', 'epithelium', 'large intestine']","['epithelial cell', 'cancer cell']",ENCAB719MQZ,ENCBS154UAS,ENCLB143IDI,ENCSR216SIK,0.165781156992913,1,0.929333,0.085171
57,ENCSR216SIK,ENCLB143IDI,ENCFF195HTY,-3309.97568371372,243,758,3.11934156378601,adult 48 years,True,/labs/bradley-bernstein/,cell line,['endoderm'],,"['intestine', 'colon', 'epithelium', 'large intestine']","['epithelial cell', 'cancer cell']",ENCAB719MQZ,ENCBS154UAS,ENCLB143IDI,ENCSR216SIK,0.155466954875434,1,0.926138,0.058976
58,ENCSR216SIK,ENCLB143IDI,ENCFF877UAC,-3313.1836682601,252,749,2.97222222222222,adult 48 years,True,/labs/bradley-bernstein/,cell line,['endoderm'],,"['intestine', 'colon', 'epithelium', 'large intestine']","['epithelial cell', 'cancer cell']",ENCAB719MQZ,ENCBS154UAS,ENCLB143IDI,ENCSR216SIK,0.155451994284719,1,0.92665,0.087377
59,ENCSR216SIK,ENCLB143IDI,ENCFF911GNU,-3310.47625583525,246,757,3.07723577235772,adult 48 years,True,/labs/bradley-bernstein/,cell line,['endoderm'],,"['intestine', 'colon', 'epithelium', 'large intestine']","['epithelial cell', 'cancer cell']",ENCAB719MQZ,ENCBS154UAS,ENCLB143IDI,ENCSR216SIK,0.15784503776548,1,0.930438,0.052133
60,ENCSR216SIK,ENCLB221XSX,ENCFF847JET,-3327.94364596995,298,705,2.36577181208054,adult 48 years,True,/labs/bradley-bernstein/,cell line,['endoderm'],,"['intestine', 'colon', 'epithelium', 'large intestine']","['epithelial cell', 'cancer cell']",ENCAB719MQZ,ENCBS154UAS,ENCLB221XSX,ENCSR216SIK,0.150973462906282,1,0.924295,0.109954
61,ENCSR216SIK,ENCLB221XSX,ENCFF153WOU,-3322.2885277052,286,716,2.5034965034965,adult 48 years,True,/labs/bradley-bernstein/,cell line,['endoderm'],,"['intestine', 'colon', 'epithelium', 'large intestine']","['epithelial cell', 'cancer cell']",ENCAB719MQZ,ENCBS154UAS,ENCLB221XSX,ENCSR216SIK,0.152714316756187,1,0.926793,0.074569
62,ENCSR216SIK,ENCLB221XSX,ENCFF091JQQ,-3325.18823693248,295,708,2.4,adult 48 years,True,/labs/bradley-bernstein/,cell line,['endoderm'],,"['intestine', 'colon', 'epithelium', 'large intestine']","['epithelial cell', 'cancer cell']",ENCAB719MQZ,ENCBS154UAS,ENCLB221XSX,ENCSR216SIK,0.156196474076602,1,0.928548,0.069589
63,ENCSR216SIK,ENCLB221XSX,ENCFF500FOO,-3323.66842319548,289,715,2.47404844290657,adult 48 years,True,/labs/bradley-bernstein/,cell line,['endoderm'],,"['intestine', 'colon', 'epithelium', 'large intestine']","['epithelial cell', 'cancer cell']",ENCAB719MQZ,ENCBS154UAS,ENCLB221XSX,ENCSR216SIK,0.15717119007629,1,0.925369,0.207548
64,ENCSR852BLA,ENCLB830TBV,ENCFF586KSM,-3339.04192136468,426,574,1.34741784037559,child 16 years,False,/labs/bradley-bernstein/,tissue,['endoderm'],,['pancreas'],[],ENCAB719MQZ,ENCBS375CIT,ENCLB830TBV,ENCSR852BLA,0.704623095801197,1,-0.091991,0.744902
65,ENCSR852BLA,ENCLB830TBV,ENCFF471HPJ,-3336.99887890251,412,588,1.42718446601942,child 16 years,False,/labs/bradley-bernstein/,tissue,['endoderm'],,['pancreas'],[],ENCAB719MQZ,ENCBS375CIT,ENCLB830TBV,ENCSR852BLA,-0.185322220642356,1,-0.061292,0.728934
66,ENCSR852BLA,ENCLB830TBV,ENCFF727BAT,-3337.43362420221,418,582,1.39234449760766,child 16 years,False,/labs/bradley-bernstein/,tissue,['endoderm'],,['pancreas'],[],ENCAB719MQZ,ENCBS375CIT,ENCLB830TBV,ENCSR852BLA,-0.285413718708,1,0.722074,-0.183607
67,ENCSR852BLA,ENCLB830TBV,ENCFF346UXE,-3336.6823755502,402,598,1.48756218905473,child 16 years,False,/labs/bradley-bernstein/,tissue,['endoderm'],,['pancreas'],[],ENCAB719MQZ,ENCBS375CIT,ENCLB830TBV,ENCSR852BLA,-0.0752691478369542,1,0.789851,-0.193902
68,ENCSR852BLA,ENCLB464OZE,ENCFF465RQK,-3335.4232256315,406,595,1.46551724137931,child 16 years,False,/labs/bradley-bernstein/,tissue,['endoderm'],,['pancreas'],[],ENCAB719MQZ,ENCBS375CIT,ENCLB464OZE,ENCSR852BLA,-0.239671478043127,1,0.720105,0.750774
69,ENCSR852BLA,ENCLB464OZE,ENCFF592DZQ,-3373.71319535557,752,248,0.329787234042553,child 16 years,False,/labs/bradley-bernstein/,tissue,['endoderm'],,['pancreas'],[],ENCAB719MQZ,ENCBS375CIT,ENCLB464OZE,ENCSR852BLA,0.704101177039255,1,0.011656,0.02209
70,ENCSR852BLA,ENCLB464OZE,ENCFF404KND,-3336.39731595032,404,599,1.48267326732673,child 16 years,False,/labs/bradley-bernstein/,tissue,['endoderm'],,['pancreas'],[],ENCAB719MQZ,ENCBS375CIT,ENCLB464OZE,ENCSR852BLA,0.768631230444917,1,-0.546832,-0.505042
71,ENCSR449SEF,ENCLB277MTN,ENCFF688CDG,-3296.97551361667,470,530,1.12765957446809,adult 51 years,False,/labs/bradley-bernstein/,tissue,['endoderm'],,"['intestine', 'large intestine', 'colon']",[],ENCAB000AXX,ENCBS555CAN,ENCLB277MTN,ENCSR449SEF,-0.111626762507256,1,-0.017784,0.940807
72,ENCSR449SEF,ENCLB821IFF,ENCFF055SNS,-3298.0603126567,484,516,1.06611570247934,adult 51 years,False,/labs/bradley-bernstein/,tissue,['endoderm'],,"['intestine', 'large intestine', 'colon']",[],ENCAB000AXX,ENCBS555CAN,ENCLB821IFF,ENCSR449SEF,-0.20597520358335,1,-0.137097,0.931739
73,ENCSR449SEF,ENCLB821IFF,ENCFF577IHY,-3299.07375079604,481,519,1.07900207900208,adult 51 years,False,/labs/bradley-bernstein/,tissue,['endoderm'],,"['intestine', 'large intestine', 'colon']",[],ENCAB000AXX,ENCBS555CAN,ENCLB821IFF,ENCSR449SEF,-0.0665901084737664,1,-0.018001,0.929531
74,ENCSR449SEF,ENCLB710CAW,ENCFF980TII,-3283.53921965335,368,633,1.72010869565217,adult 51 years,False,/labs/bradley-bernstein/,tissue,['endoderm'],,"['intestine', 'large intestine', 'colon']",[],ENCAB719MQZ,ENCBS515RIZ,ENCLB710CAW,ENCSR449SEF,-0.204642704915814,1,0.042893,0.929054
75,ENCSR447ANW,ENCLB232BAX,ENCFF371SLF,-3285.4831457592,405,595,1.46913580246914,adult 51 years,False,/labs/bradley-bernstein/,tissue,['mesoderm'],,"['heart', 'arterial blood vessel', 'vasculature', 'blood vessel']",[],ENCAB000AXX,ENCBS984LMH,ENCLB232BAX,ENCSR447ANW,0.715535890671001,1,0.730676,0.707429
76,ENCSR253ALG,ENCLB127UCS,ENCFF694BHO,-3329.37394128544,324,678,2.09259259259259,adult 61 years,False,/labs/bradley-bernstein/,tissue,['endoderm'],,['pancreas'],[],ENCAB719MQZ,ENCBS297KRV,ENCLB127UCS,ENCSR253ALG,0.0778962611051325,1,0.05139,0.92733
77,ENCSR253ALG,ENCLB127UCS,ENCFF935HGS,-3330.35879334256,327,676,2.06727828746177,adult 61 years,False,/labs/bradley-bernstein/,tissue,['endoderm'],,['pancreas'],[],ENCAB719MQZ,ENCBS297KRV,ENCLB127UCS,ENCSR253ALG,0.0832522069634255,1,0.114224,0.936364
78,ENCSR253ALG,ENCLB127UCS,ENCFF289SSV,-3328.32734227504,314,688,2.19108280254777,adult 61 years,False,/labs/bradley-bernstein/,tissue,['endoderm'],,['pancreas'],[],ENCAB719MQZ,ENCBS297KRV,ENCLB127UCS,ENCSR253ALG,0.693847241565788,1,-0.082455,0.932553
79,ENCSR253ALG,ENCLB127UCS,ENCFF994AAR,-3332.58851197648,337,667,1.97922848664688,adult 61 years,False,/labs/bradley-bernstein/,tissue,['endoderm'],,['pancreas'],[],ENCAB719MQZ,ENCBS297KRV,ENCLB127UCS,ENCSR253ALG,-0.0357749529489837,1,-0.167963,0.932686
80,ENCSR000DYB,ENCLB682ZLE,ENCFF001HYT,-3332.54622269452,216,786,3.63888888888889,,False,/labs/john-stamatoyannopoulos/,cell line,['endoderm'],,"['connective tissue', 'lung']","['connective tissue cell', 'fibroblast']",ENCAB000AFP,ENCBS157XHV,ENCLB682ZLE,ENCSR000DYB,0.845998175906043,1,0.847666,0.164058
81,ENCSR230RQK,ENCLB601VZP,ENCFF698SNP,-3321.26921458788,235,765,3.25531914893617,adult 90 or above years,False,/labs/bradley-bernstein/,tissue,['ectoderm'],,['brain'],[],ENCAB719MQZ,ENCBS547CKT,ENCLB601VZP,ENCSR230RQK,0.691029014171291,1,0.739798,0.760506
82,ENCSR230RQK,ENCLB674EBG,ENCFF305YGX,-3334.71102556418,288,715,2.48263888888889,adult 90 or above years,False,/labs/bradley-bernstein/,tissue,['ectoderm'],,['brain'],[],ENCAB719MQZ,ENCBS547CKT,ENCLB674EBG,ENCSR230RQK,0.117771281645752,1,0.145445,0.889516
83,ENCSR230RQK,ENCLB674EBG,ENCFF600PAT,-3338.24340279583,306,694,2.26797385620915,adult 90 or above years,False,/labs/bradley-bernstein/,tissue,['ectoderm'],,['brain'],[],ENCAB719MQZ,ENCBS547CKT,ENCLB674EBG,ENCSR230RQK,0.0040570611128171,1,0.08567,0.897731
84,ENCSR461VHZ,ENCLB266LTA,ENCFF641PTH,-3388.87687438515,899,104,0.115684093437152,adult 53 years,False,/labs/bradley-bernstein/,in vitro differentiated cells,['ectoderm'],,"['spinal cord', 'brain']",['neural cell'],ENCAB719MQZ,ENCBS534DJA,ENCLB266LTA,ENCSR461VHZ,0.442667429393843,1,0.374166,0.29558
85,ENCSR116AKQ,ENCLB560LOW,ENCFF247TPL,-3317.23233122465,325,680,2.09230769230769,adult 21 years,False,/labs/bradley-bernstein/,primary cell,"['mesoderm', 'endoderm']",,"['bodily fluid', 'blood']","['CD8+ T cell', 'hematopoietic cell', 'leukocyte', 'T cell']",ENCAB719MQZ,ENCBS529SCX,ENCLB560LOW,ENCSR116AKQ,0.898450945117175,1,0.899102,0.668768
86,ENCSR116AKQ,ENCLB560LOW,ENCFF462BME,-3315.88413839794,327,679,2.07645259938838,adult 21 years,False,/labs/bradley-bernstein/,primary cell,"['mesoderm', 'endoderm']",,"['bodily fluid', 'blood']","['CD8+ T cell', 'hematopoietic cell', 'leukocyte', 'T cell']",ENCAB719MQZ,ENCBS529SCX,ENCLB560LOW,ENCSR116AKQ,0.892587302597738,1,0.932917,0.059539
87,ENCSR116AKQ,ENCLB560LOW,ENCFF338IJH,-3320.75173961656,340,664,1.95294117647059,adult 21 years,False,/labs/bradley-bernstein/,primary cell,"['mesoderm', 'endoderm']",,"['bodily fluid', 'blood']","['CD8+ T cell', 'hematopoietic cell', 'leukocyte', 'T cell']",ENCAB719MQZ,ENCBS529SCX,ENCLB560LOW,ENCSR116AKQ,0.878879441563691,1,0.879922,0.703357
88,ENCSR116AKQ,ENCLB560LOW,ENCFF218VPA,-3320.00514194422,344,663,1.92732558139535,adult 21 years,False,/labs/bradley-bernstein/,primary cell,"['mesoderm', 'endoderm']",,"['bodily fluid', 'blood']","['CD8+ T cell', 'hematopoietic cell', 'leukocyte', 'T cell']",ENCAB719MQZ,ENCBS529SCX,ENCLB560LOW,ENCSR116AKQ,0.888664165318288,1,0.937853,0.085459
89,ENCSR907BES,ENCLB155CMY,ENCFF821ZDP,-3320.86967706039,617,385,0.623987034035656,adult 54 years,False,/labs/bradley-bernstein/,tissue,['endoderm'],,"['intestine', 'colon', 'large intestine']",[],ENCAB719MQZ,ENCBS989UNA,ENCLB155CMY,ENCSR907BES,0.684966662227475,1,-0.084024,-0.315492
90,ENCSR907BES,ENCLB155CMY,ENCFF560KNN,-3313.43310108974,548,454,0.828467153284672,adult 54 years,False,/labs/bradley-bernstein/,tissue,['endoderm'],,"['intestine', 'colon', 'large intestine']",[],ENCAB719MQZ,ENCBS989UNA,ENCLB155CMY,ENCSR907BES,0.0018357608336235,1,-0.084589,0.932555
91,ENCSR907BES,ENCLB883XHG,ENCFF218LAW,-3284.53125556667,386,614,1.59067357512953,adult 54 years,False,/labs/bradley-bernstein/,tissue,['endoderm'],,"['intestine', 'colon', 'large intestine']",[],ENCAB000AXX,ENCBS633KVX,ENCLB883XHG,ENCSR907BES,0.766183618854726,1,0.78374,0.709165
92,ENCSR907BES,ENCLB883XHG,ENCFF095ZXW,-3285.9429557447,384,619,1.61197916666667,adult 54 years,False,/labs/bradley-bernstein/,tissue,['endoderm'],,"['intestine', 'colon', 'large intestine']",[],ENCAB000AXX,ENCBS633KVX,ENCLB883XHG,ENCSR907BES,0.0248229252470682,1,0.916546,-0.045884
93,ENCSR907BES,ENCLB651KNW,ENCFF356UQE,-3300.2378737322,466,535,1.1480686695279,adult 54 years,False,/labs/bradley-bernstein/,tissue,['endoderm'],,"['intestine', 'colon', 'large intestine']",[],ENCAB000AXX,ENCBS121FBL,ENCLB651KNW,ENCSR907BES,0.782578295727945,1,0.939972,-0.027916
94,ENCSR907BES,ENCLB651KNW,ENCFF089JPL,-3300.2378737322,466,535,1.1480686695279,adult 54 years,False,/labs/bradley-bernstein/,tissue,['endoderm'],,"['intestine', 'colon', 'large intestine']",[],ENCAB000AXX,ENCBS121FBL,ENCLB651KNW,ENCSR907BES,0.735674307609871,1,0.728551,0.733607
95,ENCSR401KRN,ENCLB503OVA,ENCFF964LKA,-3286.83921282256,365,637,1.74520547945205,adult 53 years,False,/labs/bradley-bernstein/,tissue,['mesoderm'],,['heart'],[],ENCAB000AXX,ENCBS493WOF,ENCLB503OVA,ENCSR401KRN,0.790343867301685,1,0.070065,0.9311
96,ENCSR266ZUX,ENCLB012YRT,ENCFF700IXE,-3287.75991171743,342,659,1.92690058479532,embryonic 5 days,False,/labs/bradley-bernstein/,organoid,['mesoderm'],,"['kidney', 'epithelium']",[],ENCAB719MQZ,ENCBS165DBC,ENCLB012YRT,ENCSR266ZUX,0.701654537704163,1,0.944265,0.036337
97,ENCSR266ZUX,ENCLB012YRT,ENCFF596XFL,-3293.23917930957,370,630,1.7027027027027,embryonic 5 days,False,/labs/bradley-bernstein/,organoid,['mesoderm'],,"['kidney', 'epithelium']",[],ENCAB719MQZ,ENCBS165DBC,ENCLB012YRT,ENCSR266ZUX,0.740576392835527,1,0.687935,0.792154
98,ENCSR266ZUX,ENCLB793BGL,ENCFF392YXT,-3291.0279893346,369,632,1.71273712737127,embryonic 5 days,False,/labs/bradley-bernstein/,organoid,['mesoderm'],,"['kidney', 'epithelium']",[],ENCAB719MQZ,ENCBS165DBC,ENCLB793BGL,ENCSR266ZUX,0.705332999809703,1,0.942389,0.144386
99,ENCSR266ZUX,ENCLB793BGL,ENCFF304UWQ,-3291.05302251525,358,645,1.80167597765363,embryonic 5 days,False,/labs/bradley-bernstein/,organoid,['mesoderm'],,"['kidney', 'epithelium']",[],ENCAB719MQZ,ENCBS165DBC,ENCLB793BGL,ENCSR266ZUX,0.758831434919174,1,0.790911,0.716237
100,ENCSR000DYD,ENCLB209ACG,ENCFF000VPF,-3282.80890353258,338,664,1.96449704142012,adult 58 years,False,/labs/michael-snyder/,cell line,['endoderm'],,['lung'],['cancer cell'],ENCAB000AFQ,ENCBS159AAA,ENCLB209ACG,ENCSR000DYD,0.698325923074767,1,0.017641,0.158552
101,ENCSR380WJL,ENCLB063FXY,ENCFF748KQY,-3332.94120424459,317,686,2.16403785488959,adult 41 years,False,/labs/bradley-bernstein/,tissue,['endoderm'],,"['intestine', 'large intestine', 'colon']",[],ENCAB719MQZ,ENCBS312CUX,ENCLB063FXY,ENCSR380WJL,0.758596589415877,1,0.945604,-0.117592
102,ENCSR380WJL,ENCLB326XAS,ENCFF696WKF,-3338.02838425432,340,661,1.94411764705882,adult 41 years,False,/labs/bradley-bernstein/,tissue,['endoderm'],,"['intestine', 'large intestine', 'colon']",[],ENCAB719MQZ,ENCBS312CUX,ENCLB326XAS,ENCSR380WJL,0.766026576438965,1,0.803628,0.77705
103,ENCSR966OUM,ENCLB604QJK,ENCFF619CML,-3328.36300172508,481,519,1.07900207900208,embryonic 5 days,False,/labs/bradley-bernstein/,organoid,['mesoderm'],,"['kidney', 'epithelium']",[],ENCAB719MQZ,ENCBS202RGJ,ENCLB604QJK,ENCSR966OUM,0.750649817260327,1,0.775241,0.748611
104,ENCSR597TGH,ENCLB130YAC,ENCFF663PRI,-3329.72090205895,264,737,2.79166666666667,adult 48 years,True,/labs/bradley-bernstein/,cell line,['endoderm'],,"['intestine', 'colon', 'epithelium', 'large intestine']","['epithelial cell', 'cancer cell']",ENCAB719MQZ,ENCBS658CIB,ENCLB130YAC,ENCSR597TGH,0.146241292943867,1,0.945286,0.41231
105,ENCSR597TGH,ENCLB130YAC,ENCFF390DDO,-3327.66708811006,265,738,2.78490566037736,adult 48 years,True,/labs/bradley-bernstein/,cell line,['endoderm'],,"['intestine', 'colon', 'epithelium', 'large intestine']","['epithelial cell', 'cancer cell']",ENCAB719MQZ,ENCBS658CIB,ENCLB130YAC,ENCSR597TGH,0.139199628475146,1,0.946788,0.064548
106,ENCSR597TGH,ENCLB130YAC,ENCFF740LRU,-3329.22466582892,265,737,2.7811320754717,adult 48 years,True,/labs/bradley-bernstein/,cell line,['endoderm'],,"['intestine', 'colon', 'epithelium', 'large intestine']","['epithelial cell', 'cancer cell']",ENCAB719MQZ,ENCBS658CIB,ENCLB130YAC,ENCSR597TGH,0.148083197416975,1,0.948571,0.231358
107,ENCSR597TGH,ENCLB130YAC,ENCFF673IJK,-3326.56920203968,258,744,2.88372093023256,adult 48 years,True,/labs/bradley-bernstein/,cell line,['endoderm'],,"['intestine', 'colon', 'epithelium', 'large intestine']","['epithelial cell', 'cancer cell']",ENCAB719MQZ,ENCBS658CIB,ENCLB130YAC,ENCSR597TGH,0.148761239384467,1,0.948597,-0.011977
108,ENCSR597TGH,ENCLB734EWH,ENCFF435MLH,-3315.33526666617,208,793,3.8125,adult 48 years,True,/labs/bradley-bernstein/,cell line,['endoderm'],,"['intestine', 'colon', 'epithelium', 'large intestine']","['epithelial cell', 'cancer cell']",ENCAB719MQZ,ENCBS658CIB,ENCLB734EWH,ENCSR597TGH,0.143281503700305,1,0.942809,0.145966
109,ENCSR597TGH,ENCLB734EWH,ENCFF260MQP,-3314.70995154925,211,795,3.76777251184834,adult 48 years,True,/labs/bradley-bernstein/,cell line,['endoderm'],,"['intestine', 'colon', 'epithelium', 'large intestine']","['epithelial cell', 'cancer cell']",ENCAB719MQZ,ENCBS658CIB,ENCLB734EWH,ENCSR597TGH,0.147026984947134,1,0.95673,-0.236505
110,ENCSR597TGH,ENCLB734EWH,ENCFF130ONT,-3313.01963986126,205,798,3.89268292682927,adult 48 years,True,/labs/bradley-bernstein/,cell line,['endoderm'],,"['intestine', 'colon', 'epithelium', 'large intestine']","['epithelial cell', 'cancer cell']",ENCAB719MQZ,ENCBS658CIB,ENCLB734EWH,ENCSR597TGH,0.144048084904973,1,0.943172,0.346578
111,ENCSR597TGH,ENCLB734EWH,ENCFF750BCS,-3315.73128070592,208,793,3.8125,adult 48 years,True,/labs/bradley-bernstein/,cell line,['endoderm'],,"['intestine', 'colon', 'epithelium', 'large intestine']","['epithelial cell', 'cancer cell']",ENCAB719MQZ,ENCBS658CIB,ENCLB734EWH,ENCSR597TGH,0.148402081698072,1,0.944454,0.214241
112,ENCSR736PZW,ENCLB522ZRZ,ENCFF590IIP,-3322.37379550072,293,707,2.41296928327645,child 16 years,False,/labs/bradley-bernstein/,tissue,['endoderm'],,['lung'],[],ENCAB719MQZ,ENCBS892NYC,ENCLB522ZRZ,ENCSR736PZW,0.77695200787955,1,0.764731,0.716812
113,ENCSR736PZW,ENCLB522ZRZ,ENCFF574NUJ,-3321.71313716202,277,725,2.6173285198556,child 16 years,False,/labs/bradley-bernstein/,tissue,['endoderm'],,['lung'],[],ENCAB719MQZ,ENCBS892NYC,ENCLB522ZRZ,ENCSR736PZW,0.147867129483605,1,-0.006469,0.935296
114,ENCSR736PZW,ENCLB109OIZ,ENCFF175RHL,-3330.16440519059,326,675,2.07055214723926,child 16 years,False,/labs/bradley-bernstein/,tissue,['endoderm'],,['lung'],[],ENCAB719MQZ,ENCBS892NYC,ENCLB109OIZ,ENCSR736PZW,-0.19603976351958,1,-0.043202,0.715529
115,ENCSR736PZW,ENCLB109OIZ,ENCFF399NSH,-3334.73618941552,334,666,1.9940119760479,child 16 years,False,/labs/bradley-bernstein/,tissue,['endoderm'],,['lung'],[],ENCAB719MQZ,ENCBS892NYC,ENCLB109OIZ,ENCSR736PZW,-0.140748158813639,1,-0.165595,0.766028
116,ENCSR736PZW,ENCLB109OIZ,ENCFF099FBL,-3326.00972748227,308,694,2.25324675324675,child 16 years,False,/labs/bradley-bernstein/,tissue,['endoderm'],,['lung'],[],ENCAB719MQZ,ENCBS892NYC,ENCLB109OIZ,ENCSR736PZW,0.7575778301491,1,0.939967,-0.081562
117,ENCSR736PZW,ENCLB109OIZ,ENCFF155EWB,-3326.57976287683,305,695,2.27868852459016,child 16 years,False,/labs/bradley-bernstein/,tissue,['endoderm'],,['lung'],[],ENCAB719MQZ,ENCBS892NYC,ENCLB109OIZ,ENCSR736PZW,0.712008631698433,1,-0.031594,0.937208
118,ENCSR352EIC,ENCLB757YGC,ENCFF207NCQ,-3313.58626797014,235,766,3.25957446808511,adult 48 years,True,/labs/bradley-bernstein/,cell line,['endoderm'],,"['intestine', 'colon', 'epithelium', 'large intestine']","['epithelial cell', 'cancer cell']",ENCAB719MQZ,ENCBS889ZME,ENCLB757YGC,ENCSR352EIC,0.152908902144572,1,0.945337,0.025357
119,ENCSR352EIC,ENCLB757YGC,ENCFF571QGZ,-3313.76850174976,226,776,3.43362831858407,adult 48 years,True,/labs/bradley-bernstein/,cell line,['endoderm'],,"['intestine', 'colon', 'epithelium', 'large intestine']","['epithelial cell', 'cancer cell']",ENCAB719MQZ,ENCBS889ZME,ENCLB757YGC,ENCSR352EIC,0.15107360251316,1,0.94174,0.070292
120,ENCSR352EIC,ENCLB757YGC,ENCFF500XYA,-3312.69997256687,238,762,3.20168067226891,adult 48 years,True,/labs/bradley-bernstein/,cell line,['endoderm'],,"['intestine', 'colon', 'epithelium', 'large intestine']","['epithelial cell', 'cancer cell']",ENCAB719MQZ,ENCBS889ZME,ENCLB757YGC,ENCSR352EIC,0.151739106764282,1,0.941876,0.064929
121,ENCSR352EIC,ENCLB757YGC,ENCFF417KSC,-3309.00774121204,215,786,3.65581395348837,adult 48 years,True,/labs/bradley-bernstein/,cell line,['endoderm'],,"['intestine', 'colon', 'epithelium', 'large intestine']","['epithelial cell', 'cancer cell']",ENCAB719MQZ,ENCBS889ZME,ENCLB757YGC,ENCSR352EIC,0.152179437758183,1,0.0,0.0
122,ENCSR352EIC,ENCLB796DQF,ENCFF402HRL,-3314.86300456137,241,760,3.15352697095436,adult 48 years,True,/labs/bradley-bernstein/,cell line,['endoderm'],,"['intestine', 'colon', 'epithelium', 'large intestine']","['epithelial cell', 'cancer cell']",ENCAB719MQZ,ENCBS889ZME,ENCLB796DQF,ENCSR352EIC,0.145361986980385,1,0.0,0.0
123,ENCSR352EIC,ENCLB796DQF,ENCFF056SII,-3310.43353983104,216,787,3.64351851851852,adult 48 years,True,/labs/bradley-bernstein/,cell line,['endoderm'],,"['intestine', 'colon', 'epithelium', 'large intestine']","['epithelial cell', 'cancer cell']",ENCAB719MQZ,ENCBS889ZME,ENCLB796DQF,ENCSR352EIC,0.149987899734761,1,0.943608,0.081666
124,ENCSR352EIC,ENCLB796DQF,ENCFF843ATC,-3315.80435079305,220,782,3.55454545454545,adult 48 years,True,/labs/bradley-bernstein/,cell line,['endoderm'],,"['intestine', 'colon', 'epithelium', 'large intestine']","['epithelial cell', 'cancer cell']",ENCAB719MQZ,ENCBS889ZME,ENCLB796DQF,ENCSR352EIC,0.147320236382093,1,0.938924,0.227055
125,ENCSR352EIC,ENCLB796DQF,ENCFF514HQV,-3315.32829227878,233,768,3.29613733905579,adult 48 years,True,/labs/bradley-bernstein/,cell line,['endoderm'],,"['intestine', 'colon', 'epithelium', 'large intestine']","['epithelial cell', 'cancer cell']",ENCAB719MQZ,ENCBS889ZME,ENCLB796DQF,ENCSR352EIC,0.149495706073344,1,0.941207,-0.013996
126,ENCSR000AHD,ENCLB306ZZZ,ENCFF000QLT,-3270.17977956087,626,375,0.599041533546326,adult 69 years,False,/labs/richard-myers/,cell line,['ectoderm'],,"['exocrine gland', 'mammary gland', 'epithelium']","['epithelial cell', 'cancer cell']",ENCAB000AFR,ENCBS001AAA,ENCLB306ZZZ,ENCSR000AHD,0.706676510908257,1,0.957282,-0.130899
127,ENCSR000DQY,ENCLB603XZW,ENCFF001HBY,-3350.21828025651,613,387,0.631321370309951,,False,/labs/john-stamatoyannopoulos/,cell line,['mesoderm'],,"['bodily fluid', 'blood']","['hematopoietic cell', 'leukocyte', 'B cell']",ENCAB000AFP,ENCBS187AAA,ENCLB603XZW,ENCSR000DQY,-0.0465484186108184,1,-0.053114,0.938388
128,ENCSR782BSY,ENCLB943DVO,ENCFF120DLR,-3357.92521120002,482,520,1.07883817427386,,False,/labs/bradley-bernstein/,tissue,['mesoderm'],,"['extraembryonic component', 'placenta']",[],ENCAB719MQZ,ENCBS834VHU,ENCLB943DVO,ENCSR782BSY,0.707229949493207,1,0.710168,0.669622
129,ENCSR782BSY,ENCLB943DVO,ENCFF372LOM,-3355.51083071463,460,543,1.1804347826087,,False,/labs/bradley-bernstein/,tissue,['mesoderm'],,"['extraembryonic component', 'placenta']",[],ENCAB719MQZ,ENCBS834VHU,ENCLB943DVO,ENCSR782BSY,0.710110406173296,1,0.928985,-0.17968
130,ENCSR782BSY,ENCLB943DVO,ENCFF731MIM,-3355.437808602,479,523,1.09185803757829,,False,/labs/bradley-bernstein/,tissue,['mesoderm'],,"['extraembryonic component', 'placenta']",[],ENCAB719MQZ,ENCBS834VHU,ENCLB943DVO,ENCSR782BSY,0.713068090459161,1,0.928356,-0.004414
131,ENCSR782BSY,ENCLB943DVO,ENCFF466HZF,-3359.26297958816,507,495,0.976331360946746,,False,/labs/bradley-bernstein/,tissue,['mesoderm'],,"['extraembryonic component', 'placenta']",[],ENCAB719MQZ,ENCBS834VHU,ENCLB943DVO,ENCSR782BSY,0.709936801639576,1,0.932105,-0.048076
132,ENCSR782BSY,ENCLB110YHH,ENCFF512VAW,-3359.4649337576,513,491,0.957115009746589,,False,/labs/bradley-bernstein/,tissue,['mesoderm'],,"['extraembryonic component', 'placenta']",[],ENCAB719MQZ,ENCBS834VHU,ENCLB110YHH,ENCSR782BSY,0.732960827856033,1,0.938149,-0.015211
133,ENCSR782BSY,ENCLB110YHH,ENCFF468ICT,-3363.8516849857,516,487,0.943798449612403,,False,/labs/bradley-bernstein/,tissue,['mesoderm'],,"['extraembryonic component', 'placenta']",[],ENCAB719MQZ,ENCBS834VHU,ENCLB110YHH,ENCSR782BSY,0.735591113354487,1,0.938952,-0.066256
134,ENCSR384KPP,ENCLB579MEV,ENCFF470TWY,-3259.2513848874,407,594,1.45945945945946,adult 58 years,True,/labs/tim-reddy/,cell line,['endoderm'],,['lung'],['cancer cell'],ENCAB809HPR,ENCBS291IYO,ENCLB579MEV,ENCSR384KPP,0.0603538467310464,1,0.725799,0.754692
135,ENCSR355PMV,ENCLB469TFP,ENCFF905QDE,-3331.89132174536,370,631,1.70540540540541,adult 40 years,False,/labs/bradley-bernstein/,tissue,['mesoderm'],,['heart'],[],ENCAB719MQZ,ENCBS649GUV,ENCLB469TFP,ENCSR355PMV,0.729994458589643,1,0.0795,0.941032
136,ENCSR856TKC,ENCLB088MEP,ENCFF286OQT,-3327.04342635046,348,658,1.89080459770115,adult 33 years,False,/labs/bradley-bernstein/,primary cell,"['mesoderm', 'endoderm']",,"['bodily fluid', 'blood']","['hematopoietic cell', 'leukocyte', 'NK cell']",ENCAB719MQZ,ENCBS358EEP,ENCLB088MEP,ENCSR856TKC,0.894005727708952,1,0.936525,0.064814
137,ENCSR614HHL,ENCLB101ECY,ENCFF131OZV,-3294.92066145206,470,530,1.12765957446809,adult 51 years,False,/labs/bradley-bernstein/,tissue,['mesoderm'],,['vagina'],[],ENCAB000AXX,ENCBS468YOF,ENCLB101ECY,ENCSR614HHL,-0.0476971646744716,1,0.020063,-0.235366
138,ENCSR614HHL,ENCLB101ECY,ENCFF874VBS,-3289.81595236744,455,546,1.2,adult 51 years,False,/labs/bradley-bernstein/,tissue,['mesoderm'],,['vagina'],[],ENCAB000AXX,ENCBS468YOF,ENCLB101ECY,ENCSR614HHL,0.484125606289408,1,-0.086663,0.147818
139,ENCSR408ZEE,ENCLB039DUD,ENCFF119WTV,-3340.18788478936,552,449,0.813405797101449,adult 51 years,False,/labs/bradley-bernstein/,tissue,"['mesoderm', 'ectoderm']",,"['endocrine gland', 'adrenal gland']",[],ENCAB000AXX,ENCBS458UEH,ENCLB039DUD,ENCSR408ZEE,-0.39475744333539,1,0.021097,-0.070359
140,ENCSR408ZEE,ENCLB035IAJ,ENCFF781OMB,-3326.32886154835,435,565,1.29885057471264,adult 51 years,False,/labs/bradley-bernstein/,tissue,"['mesoderm', 'ectoderm']",,"['endocrine gland', 'adrenal gland']",[],ENCAB000AXX,ENCBS458UEH,ENCLB035IAJ,ENCSR408ZEE,-0.0267889869110293,1,-0.098961,0.941604
141,ENCSR408ZEE,ENCLB035IAJ,ENCFF420ACV,-3323.64338308068,427,573,1.34192037470726,adult 51 years,False,/labs/bradley-bernstein/,tissue,"['mesoderm', 'ectoderm']",,"['endocrine gland', 'adrenal gland']",[],ENCAB000AXX,ENCBS458UEH,ENCLB035IAJ,ENCSR408ZEE,-0.0696036955058322,1,-0.11218,0.939166
142,ENCSR527TPP,ENCLB014GFW,ENCFF529UQP,-3282.61220608054,402,599,1.49004975124378,adult 51 years,False,/labs/bradley-bernstein/,tissue,[],,['uterus'],[],ENCAB000AXX,ENCBS443NGH,ENCLB014GFW,ENCSR527TPP,0.103375712668374,1,0.025276,0.916193
143,ENCSR527TPP,ENCLB014GFW,ENCFF949PVL,-3286.84645342573,428,573,1.33878504672897,adult 51 years,False,/labs/bradley-bernstein/,tissue,[],,['uterus'],[],ENCAB000AXX,ENCBS443NGH,ENCLB014GFW,ENCSR527TPP,0.0913796269220198,1,0.184266,0.919156
144,ENCSR527TPP,ENCLB777BOQ,ENCFF602LOK,-3299.87319110873,527,473,0.89753320683112,adult 51 years,False,/labs/bradley-bernstein/,tissue,[],,['uterus'],[],ENCAB000AXX,ENCBS443NGH,ENCLB777BOQ,ENCSR527TPP,-0.0023967119609281,1,-0.016126,0.939308
145,ENCSR236YGF,ENCLB415IEO,ENCFF106EPI,-3299.87116758351,506,495,0.978260869565217,adult 53 years,False,/labs/bradley-bernstein/,tissue,['endoderm'],,"['intestine', 'large intestine', 'colon']",[],ENCAB719MQZ,ENCBS280DYM,ENCLB415IEO,ENCSR236YGF,0.0263392083036292,1,-0.12072,0.924159
146,ENCSR236YGF,ENCLB415IEO,ENCFF408ZMK,-3297.67775912737,483,518,1.07246376811594,adult 53 years,False,/labs/bradley-bernstein/,tissue,['endoderm'],,"['intestine', 'large intestine', 'colon']",[],ENCAB719MQZ,ENCBS280DYM,ENCLB415IEO,ENCSR236YGF,-0.196457237191104,1,-0.080912,0.926126
147,ENCSR236YGF,ENCLB415IEO,ENCFF099EIX,-3297.67775912737,483,518,1.07246376811594,adult 53 years,False,/labs/bradley-bernstein/,tissue,['endoderm'],,"['intestine', 'large intestine', 'colon']",[],ENCAB719MQZ,ENCBS280DYM,ENCLB415IEO,ENCSR236YGF,0.158023217011488,1,-0.21446,0.928374
148,ENCSR236YGF,ENCLB415IEO,ENCFF404PSS,-3291.25315426855,465,535,1.1505376344086,adult 53 years,False,/labs/bradley-bernstein/,tissue,['endoderm'],,"['intestine', 'large intestine', 'colon']",[],ENCAB719MQZ,ENCBS280DYM,ENCLB415IEO,ENCSR236YGF,0.279790177721302,1,0.113771,0.932119
149,ENCSR236YGF,ENCLB775VMU,ENCFF350SWA,-3301.68215118401,498,502,1.00803212851406,adult 53 years,False,/labs/bradley-bernstein/,tissue,['endoderm'],,"['intestine', 'large intestine', 'colon']",[],ENCAB719MQZ,ENCBS280DYM,ENCLB775VMU,ENCSR236YGF,0.07616299706542,1,-0.100883,0.91878
150,ENCSR236YGF,ENCLB775VMU,ENCFF010MYN,-3301.68215118401,498,502,1.00803212851406,adult 53 years,False,/labs/bradley-bernstein/,tissue,['endoderm'],,"['intestine', 'large intestine', 'colon']",[],ENCAB719MQZ,ENCBS280DYM,ENCLB775VMU,ENCSR236YGF,-0.16310522362555,1,-0.136857,0.453211
151,ENCSR236YGF,ENCLB775VMU,ENCFF739BFN,-3308.87378488188,576,425,0.737847222222222,adult 53 years,False,/labs/bradley-bernstein/,tissue,['endoderm'],,"['intestine', 'large intestine', 'colon']",[],ENCAB719MQZ,ENCBS280DYM,ENCLB775VMU,ENCSR236YGF,-0.026221649276381,1,-0.070428,0.93189
152,ENCSR300WOR,ENCLB736GAY,ENCFF952YWG,-3382.44573833491,947,54,0.0570221752903907,adult 90 or above years,False,/labs/bradley-bernstein/,tissue,['ectoderm'],,['brain'],[],ENCAB719MQZ,ENCBS587MGS,ENCLB736GAY,ENCSR300WOR,-0.0614544288253614,1,-0.051931,0.268558
153,ENCSR922HGS,ENCLB182NRW,ENCFF450RFF,-3331.2371593994,316,687,2.17405063291139,adult 90 or above years,False,/labs/bradley-bernstein/,tissue,['ectoderm'],,['brain'],[],ENCAB719MQZ,ENCBS173HMY,ENCLB182NRW,ENCSR922HGS,0.721083034889967,1,0.929699,0.250919
154,ENCSR922HGS,ENCLB182NRW,ENCFF647BVX,-3332.02008731336,311,690,2.21864951768489,adult 90 or above years,False,/labs/bradley-bernstein/,tissue,['ectoderm'],,['brain'],[],ENCAB719MQZ,ENCBS173HMY,ENCLB182NRW,ENCSR922HGS,0.0638825048579265,1,0.655747,0.739785
155,ENCSR922HGS,ENCLB434XVD,ENCFF500ODX,-3324.75736665423,279,722,2.58781362007168,adult 90 or above years,False,/labs/bradley-bernstein/,tissue,['ectoderm'],,['brain'],[],ENCAB719MQZ,ENCBS173HMY,ENCLB434XVD,ENCSR922HGS,0.700207629086622,1,0.918169,-0.074592
156,ENCSR572DUJ,ENCLB621OUU,ENCFF469MGV,-3295.67804899828,354,647,1.82768361581921,adult 37 years,False,/labs/bradley-bernstein/,tissue,['endoderm'],,['pancreas'],[],ENCAB000AXX,ENCBS869MHP,ENCLB621OUU,ENCSR572DUJ,-0.174296983324442,1,-0.064121,0.936401
157,ENCSR572DUJ,ENCLB621OUU,ENCFF943NVH,-3297.7820253726,363,637,1.75482093663912,adult 37 years,False,/labs/bradley-bernstein/,tissue,['endoderm'],,['pancreas'],[],ENCAB000AXX,ENCBS869MHP,ENCLB621OUU,ENCSR572DUJ,-0.0930210768617119,1,-0.098183,0.937987
158,ENCSR105HEC,ENCLB803LHL,ENCFF063UTG,-3336.67377261157,412,588,1.42718446601942,adult 22 years,False,/labs/bradley-bernstein/,primary cell,[],,"['bodily fluid', 'blood']","['hematopoietic cell', 'leukocyte', 'B cell']",ENCAB719MQZ,ENCBS458DQO,ENCLB803LHL,ENCSR105HEC,0.575041646146611,1,0.784495,0.753785
159,ENCSR105HEC,ENCLB803LHL,ENCFF536FRD,-3335.73325920881,414,587,1.41787439613527,adult 22 years,False,/labs/bradley-bernstein/,primary cell,[],,"['bodily fluid', 'blood']","['hematopoietic cell', 'leukocyte', 'B cell']",ENCAB719MQZ,ENCBS458DQO,ENCLB803LHL,ENCSR105HEC,0.166037156031373,1,-0.020502,-0.602121
160,ENCSR105HEC,ENCLB803LHL,ENCFF129CLZ,-3339.48884959724,423,578,1.36643026004728,adult 22 years,False,/labs/bradley-bernstein/,primary cell,[],,"['bodily fluid', 'blood']","['hematopoietic cell', 'leukocyte', 'B cell']",ENCAB719MQZ,ENCBS458DQO,ENCLB803LHL,ENCSR105HEC,0.192440612609041,1,0.166556,-0.637454
161,ENCSR105HEC,ENCLB803LHL,ENCFF181MSE,-3343.19236651492,447,555,1.24161073825503,adult 22 years,False,/labs/bradley-bernstein/,primary cell,[],,"['bodily fluid', 'blood']","['hematopoietic cell', 'leukocyte', 'B cell']",ENCAB719MQZ,ENCBS458DQO,ENCLB803LHL,ENCSR105HEC,-0.2690355371138,1,-0.452543,-0.033695
162,ENCSR105HEC,ENCLB037BUC,ENCFF588SYT,-3338.39118498471,418,583,1.39473684210526,adult 22 years,False,/labs/bradley-bernstein/,primary cell,[],,"['bodily fluid', 'blood']","['hematopoietic cell', 'leukocyte', 'B cell']",ENCAB719MQZ,ENCBS458DQO,ENCLB037BUC,ENCSR105HEC,0.794833652401762,1,0.748316,0.249777
163,ENCSR105HEC,ENCLB037BUC,ENCFF183MPC,-3336.61567798611,414,586,1.41545893719807,adult 22 years,False,/labs/bradley-bernstein/,primary cell,[],,"['bodily fluid', 'blood']","['hematopoietic cell', 'leukocyte', 'B cell']",ENCAB719MQZ,ENCBS458DQO,ENCLB037BUC,ENCSR105HEC,0.778644832816202,1,0.360681,-0.099348
164,ENCSR105HEC,ENCLB037BUC,ENCFF861CTU,-3336.42895174501,404,596,1.47524752475248,adult 22 years,False,/labs/bradley-bernstein/,primary cell,[],,"['bodily fluid', 'blood']","['hematopoietic cell', 'leukocyte', 'B cell']",ENCAB719MQZ,ENCBS458DQO,ENCLB037BUC,ENCSR105HEC,0.584837173445181,1,0.72382,0.205598
165,ENCSR105HEC,ENCLB899IBW,ENCFF936CDL,-3348.8072160759,508,493,0.970472440944882,adult 22 years,False,/labs/bradley-bernstein/,primary cell,[],,"['bodily fluid', 'blood']","['hematopoietic cell', 'leukocyte', 'B cell']",ENCAB719MQZ,ENCBS458DQO,ENCLB899IBW,ENCSR105HEC,0.0956200663121401,1,0.095779,0.113142
166,ENCSR105HEC,ENCLB899IBW,ENCFF036EGE,-3346.46483725285,497,505,1.01609657947686,adult 22 years,False,/labs/bradley-bernstein/,primary cell,[],,"['bodily fluid', 'blood']","['hematopoietic cell', 'leukocyte', 'B cell']",ENCAB719MQZ,ENCBS458DQO,ENCLB899IBW,ENCSR105HEC,0.0270411930745344,1,-0.02621,-0.226445
167,ENCSR105HEC,ENCLB899IBW,ENCFF530TPD,-3349.59983901179,510,491,0.962745098039216,adult 22 years,False,/labs/bradley-bernstein/,primary cell,[],,"['bodily fluid', 'blood']","['hematopoietic cell', 'leukocyte', 'B cell']",ENCAB719MQZ,ENCBS458DQO,ENCLB899IBW,ENCSR105HEC,0.218334345075792,1,0.099771,0.26647
168,ENCSR105HEC,ENCLB899IBW,ENCFF798PSY,-3345.84991359375,487,513,1.05338809034908,adult 22 years,False,/labs/bradley-bernstein/,primary cell,[],,"['bodily fluid', 'blood']","['hematopoietic cell', 'leukocyte', 'B cell']",ENCAB719MQZ,ENCBS458DQO,ENCLB899IBW,ENCSR105HEC,0.146115339566582,1,0.158818,-0.497717
169,ENCSR113COJ,ENCLB640FJA,ENCFF438ZXW,-3332.34408455665,352,649,1.84375,adult 59 years,False,/labs/bradley-bernstein/,tissue,['endoderm'],,['pancreas'],[],ENCAB719MQZ,ENCBS483KZB,ENCLB640FJA,ENCSR113COJ,0.763525724808755,1,0.068674,0.929187
170,ENCSR113COJ,ENCLB640FJA,ENCFF531JEF,-3331.1620843411,350,650,1.85714285714286,adult 59 years,False,/labs/bradley-bernstein/,tissue,['endoderm'],,['pancreas'],[],ENCAB719MQZ,ENCBS483KZB,ENCLB640FJA,ENCSR113COJ,0.773034151260651,1,0.924176,0.104204
171,ENCSR113COJ,ENCLB640FJA,ENCFF156XGO,-3333.27941425956,374,627,1.67647058823529,adult 59 years,False,/labs/bradley-bernstein/,tissue,['endoderm'],,['pancreas'],[],ENCAB719MQZ,ENCBS483KZB,ENCLB640FJA,ENCSR113COJ,0.0480409242590979,1,0.058956,0.932633
172,ENCSR113COJ,ENCLB236JMN,ENCFF702YNO,-3334.92713416178,387,615,1.58914728682171,adult 59 years,False,/labs/bradley-bernstein/,tissue,['endoderm'],,['pancreas'],[],ENCAB719MQZ,ENCBS483KZB,ENCLB236JMN,ENCSR113COJ,0.124954083031145,1,0.670441,0.67867
173,ENCSR113COJ,ENCLB236JMN,ENCFF958OZA,-3336.59485470761,381,621,1.62992125984252,adult 59 years,False,/labs/bradley-bernstein/,tissue,['endoderm'],,['pancreas'],[],ENCAB719MQZ,ENCBS483KZB,ENCLB236JMN,ENCSR113COJ,0.726069411451529,1,0.93471,0.029605
174,ENCSR113COJ,ENCLB236JMN,ENCFF493CRJ,-3339.11244113402,410,591,1.44146341463415,adult 59 years,False,/labs/bradley-bernstein/,tissue,['endoderm'],,['pancreas'],[],ENCAB719MQZ,ENCBS483KZB,ENCLB236JMN,ENCSR113COJ,0.125565680106481,1,0.747056,0.684216
175,ENCSR113COJ,ENCLB236JMN,ENCFF552CEV,-3337.24390391686,394,607,1.54060913705584,adult 59 years,False,/labs/bradley-bernstein/,tissue,['endoderm'],,['pancreas'],[],ENCAB719MQZ,ENCBS483KZB,ENCLB236JMN,ENCSR113COJ,0.0380192083529158,1,0.1403,-0.002401
176,ENCSR000BNH,ENCLB559JKU,ENCFF000OOF,-3303.03652927324,220,782,3.55454545454545,,False,/labs/richard-myers/,cell line,[],,['embryo'],"['embryonic cell', 'stem cell']",ENCAB000AFR,ENCBS111ENC,ENCLB559JKU,ENCSR000BNH,0.834515803436804,1,0.834639,0.072778
177,ENCSR072EUE,ENCLB063SGX,ENCFF752EVM,-3298.97967835877,551,451,0.818511796733212,adult 44 years,False,/labs/bradley-bernstein/,cell line,['mesoderm'],,"['bone element', 'bone marrow']",['cancer cell'],ENCAB000AXX,ENCBS899DSB,ENCLB063SGX,ENCSR072EUE,-0.204860095986263,1,-0.058323,0.960166
178,ENCSR000BNO,ENCLB559JXI,ENCFF000RHD,-3348.16892799498,277,727,2.62454873646209,adult 54 years,True,/labs/richard-myers/,cell line,['ectoderm'],,"['exocrine gland', 'mammary gland', 'epithelium']","['epithelial cell', 'cancer cell']",ENCAB000AFR,ENCBS597ENC,ENCLB559JXI,ENCSR000BNO,0.716290511630814,1,0.909863,-0.071805
179,ENCSR000BNO,ENCLB559JXH,ENCFF000RHF,-3296.06656703966,121,882,7.28925619834711,adult 54 years,True,/labs/richard-myers/,cell line,['ectoderm'],,"['exocrine gland', 'mammary gland', 'epithelium']","['epithelial cell', 'cancer cell']",ENCAB000AFR,ENCBS597ENC,ENCLB559JXH,ENCSR000BNO,0.859856599043209,1,0.859631,0.349717
180,ENCSR288YJL,ENCLB167UVT,ENCFF426XQS,-3292.85039483484,124,877,7.07258064516129,adult 48 years,True,/labs/bradley-bernstein/,cell line,['endoderm'],,"['intestine', 'colon', 'epithelium', 'large intestine']","['epithelial cell', 'cancer cell']",ENCAB719MQZ,ENCBS802HCI,ENCLB167UVT,ENCSR288YJL,0.142783805962198,1,0.958397,0.203014
181,ENCSR288YJL,ENCLB884PHB,ENCFF349ZTH,-3301.91303069019,146,859,5.88356164383562,adult 48 years,True,/labs/bradley-bernstein/,cell line,['endoderm'],,"['intestine', 'colon', 'epithelium', 'large intestine']","['epithelial cell', 'cancer cell']",ENCAB719MQZ,ENCBS802HCI,ENCLB884PHB,ENCSR288YJL,0.140961225983748,1,0.955971,0.221555
182,ENCSR288YJL,ENCLB884PHB,ENCFF065IWX,-3302.68245837887,140,863,6.16428571428571,adult 48 years,True,/labs/bradley-bernstein/,cell line,['endoderm'],,"['intestine', 'colon', 'epithelium', 'large intestine']","['epithelial cell', 'cancer cell']",ENCAB719MQZ,ENCBS802HCI,ENCLB884PHB,ENCSR288YJL,0.137256428229035,1,0.95831,-0.210626
183,ENCSR288YJL,ENCLB884PHB,ENCFF812GHF,-3301.2640984632,150,851,5.67333333333333,adult 48 years,True,/labs/bradley-bernstein/,cell line,['endoderm'],,"['intestine', 'colon', 'epithelium', 'large intestine']","['epithelial cell', 'cancer cell']",ENCAB719MQZ,ENCBS802HCI,ENCLB884PHB,ENCSR288YJL,0.143558535584097,1,0.957942,0.231551
184,ENCSR288YJL,ENCLB884PHB,ENCFF477JMR,-3301.05798269593,145,856,5.90344827586207,adult 48 years,True,/labs/bradley-bernstein/,cell line,['endoderm'],,"['intestine', 'colon', 'epithelium', 'large intestine']","['epithelial cell', 'cancer cell']",ENCAB719MQZ,ENCBS802HCI,ENCLB884PHB,ENCSR288YJL,0.14560894990936,1,0.957133,0.21659
185,ENCSR331OGX,ENCLB854TYJ,ENCFF250RYR,-3311.61573881125,468,533,1.13888888888889,adult 53 years,False,/labs/bradley-bernstein/,tissue,['endoderm'],,"['endocrine gland', 'thyroid gland']",[],ENCAB000AXX,ENCBS586UUR,ENCLB854TYJ,ENCSR331OGX,0.311511565547575,1,0.672087,0.275864
186,ENCSR331OGX,ENCLB854TYJ,ENCFF585YPM,-3313.36378323415,473,527,1.11416490486258,adult 53 years,False,/labs/bradley-bernstein/,tissue,['endoderm'],,"['endocrine gland', 'thyroid gland']",[],ENCAB000AXX,ENCBS586UUR,ENCLB854TYJ,ENCSR331OGX,0.72054592615317,1,0.663453,0.698409
187,ENCSR331OGX,ENCLB790HOF,ENCFF850ORZ,-3313.45080023423,479,521,1.08768267223382,adult 53 years,False,/labs/bradley-bernstein/,tissue,['endoderm'],,"['endocrine gland', 'thyroid gland']",[],ENCAB000AXX,ENCBS586UUR,ENCLB790HOF,ENCSR331OGX,0.738498163352826,1,0.686289,0.514308
188,ENCSR331OGX,ENCLB790HOF,ENCFF787XGB,-3310.10177258551,470,531,1.12978723404255,adult 53 years,False,/labs/bradley-bernstein/,tissue,['endoderm'],,"['endocrine gland', 'thyroid gland']",[],ENCAB000AXX,ENCBS586UUR,ENCLB790HOF,ENCSR331OGX,0.698540983566815,1,-0.018462,0.059896
189,ENCSR452KYY,ENCLB794HDY,ENCFF929HGQ,-3349.10801698234,434,568,1.30875576036866,adult 84 years,False,/labs/bradley-bernstein/,tissue,['ectoderm'],,['brain'],[],ENCAB719MQZ,ENCBS158KQX,ENCLB794HDY,ENCSR452KYY,0.127884652965097,1,0.044345,-0.047059
190,ENCSR452KYY,ENCLB794HDY,ENCFF903VEW,-3348.99659467941,426,576,1.35211267605634,adult 84 years,False,/labs/bradley-bernstein/,tissue,['ectoderm'],,['brain'],[],ENCAB719MQZ,ENCBS158KQX,ENCLB794HDY,ENCSR452KYY,0.068838155264537,1,0.932579,-0.101336
191,ENCSR452KYY,ENCLB794HDY,ENCFF155WTP,-3349.10806180298,436,565,1.29587155963303,adult 84 years,False,/labs/bradley-bernstein/,tissue,['ectoderm'],,['brain'],[],ENCAB719MQZ,ENCBS158KQX,ENCLB794HDY,ENCSR452KYY,0.146257324641237,1,-0.170428,0.93093
192,ENCSR452KYY,ENCLB666NXN,ENCFF647SYD,-3345.10325150486,409,594,1.45232273838631,adult 84 years,False,/labs/bradley-bernstein/,tissue,['ectoderm'],,['brain'],[],ENCAB719MQZ,ENCBS158KQX,ENCLB666NXN,ENCSR452KYY,-0.319757383084594,1,0.089823,0.928295
193,ENCSR452KYY,ENCLB666NXN,ENCFF105MVT,-3349.87705742629,449,556,1.23830734966592,adult 84 years,False,/labs/bradley-bernstein/,tissue,['ectoderm'],,['brain'],[],ENCAB719MQZ,ENCBS158KQX,ENCLB666NXN,ENCSR452KYY,0.098582904984082,1,-0.049571,0.930647
194,ENCSR908TBJ,ENCLB531VTT,ENCFF213MUJ,-3292.01186113078,117,884,7.55555555555556,adult 48 years,True,/labs/bradley-bernstein/,cell line,['endoderm'],,"['intestine', 'colon', 'epithelium', 'large intestine']","['epithelial cell', 'cancer cell']",ENCAB719MQZ,ENCBS338OSL,ENCLB531VTT,ENCSR908TBJ,0.137440693963686,1,0.947477,0.176422
195,ENCSR266UTR,ENCLB384PMQ,ENCFF773YML,-3292.25813976412,461,539,1.16919739696312,adult 51 years,False,/labs/bradley-bernstein/,tissue,['endoderm'],,"['esophagus', 'epithelium']",[],ENCAB719MQZ,ENCBS467KQD,ENCLB384PMQ,ENCSR266UTR,0.119750455779726,1,0.013878,-0.022251
196,ENCSR266UTR,ENCLB859TMK,ENCFF672CIG,-3298.21137625261,505,495,0.98019801980198,adult 51 years,False,/labs/bradley-bernstein/,tissue,['endoderm'],,"['esophagus', 'epithelium']",[],ENCAB719MQZ,ENCBS467KQD,ENCLB859TMK,ENCSR266UTR,0.0036574384347367,1,0.083033,0.649196
197,ENCSR687APM,ENCLB894NFF,ENCFF644KBZ,-3308.44496372808,429,573,1.33566433566434,adult 54 years,False,/labs/bradley-bernstein/,tissue,['endoderm'],,['pancreas'],[],ENCAB000AXX,ENCBS658YAJ,ENCLB894NFF,ENCSR687APM,0.0002618274873419,1,0.029177,0.940048
198,ENCSR687APM,ENCLB894NFF,ENCFF267CVI,-3298.62991816985,382,619,1.62041884816754,adult 54 years,False,/labs/bradley-bernstein/,tissue,['endoderm'],,['pancreas'],[],ENCAB000AXX,ENCBS658YAJ,ENCLB894NFF,ENCSR687APM,-0.0081006662864312,1,0.018138,0.938444
199,ENCSR687APM,ENCLB894NFF,ENCFF104RVR,-3307.57741542644,434,567,1.30645161290323,adult 54 years,False,/labs/bradley-bernstein/,tissue,['endoderm'],,['pancreas'],[],ENCAB000AXX,ENCBS658YAJ,ENCLB894NFF,ENCSR687APM,0.0252009037490422,1,0.055405,0.940451
200,ENCSR687APM,ENCLB894NFF,ENCFF677KOM,-3297.28436861005,378,623,1.64814814814815,adult 54 years,False,/labs/bradley-bernstein/,tissue,['endoderm'],,['pancreas'],[],ENCAB000AXX,ENCBS658YAJ,ENCLB894NFF,ENCSR687APM,-0.0228140053296441,1,-0.068767,0.937865
201,ENCSR687APM,ENCLB713FSN,ENCFF228QKH,-3289.52509442434,345,656,1.90144927536232,adult 54 years,False,/labs/bradley-bernstein/,tissue,['endoderm'],,['pancreas'],[],ENCAB000AXX,ENCBS658YAJ,ENCLB713FSN,ENCSR687APM,0.0052355162582602,1,0.054641,0.932034
202,ENCSR687APM,ENCLB713FSN,ENCFF570GDA,-3283.98577892582,302,701,2.32119205298013,adult 54 years,False,/labs/bradley-bernstein/,tissue,['endoderm'],,['pancreas'],[],ENCAB000AXX,ENCBS658YAJ,ENCLB713FSN,ENCSR687APM,-0.0445325059293839,1,-0.145426,0.934226
203,ENCSR687APM,ENCLB713FSN,ENCFF381XJY,-3289.74137547662,333,671,2.01501501501502,adult 54 years,False,/labs/bradley-bernstein/,tissue,['endoderm'],,['pancreas'],[],ENCAB000AXX,ENCBS658YAJ,ENCLB713FSN,ENCSR687APM,-0.0083608667919069,1,0.0,0.0
204,ENCSR687APM,ENCLB713FSN,ENCFF434PKP,-3279.98212259194,296,704,2.37837837837838,adult 54 years,False,/labs/bradley-bernstein/,tissue,['endoderm'],,['pancreas'],[],ENCAB000AXX,ENCBS658YAJ,ENCLB713FSN,ENCSR687APM,-0.0357102913115086,1,-0.06533,0.934005
205,ENCSR000DKZ,ENCLB886CDE,ENCFF000RQK,-3297.88464408942,109,892,8.18348623853211,unknown 20 years,False,/labs/vishwanath-iyer/,cell line,['mesoderm'],,"['bodily fluid', 'blood']","['hematopoietic cell', 'leukocyte', 'B cell']",ENCAB000AXY,ENCBS220AAA,ENCLB886CDE,ENCSR000DKZ,0.874837101735595,1,0.943639,0.023349
206,ENCSR505ZGX,ENCLB299HZM,ENCFF619LCB,-3323.07081875465,429,572,1.33333333333333,adult 37 years,False,/labs/bradley-bernstein/,tissue,['endoderm'],,"['thyroid gland', 'endocrine gland']",[],ENCAB719MQZ,ENCBS522TJW,ENCLB299HZM,ENCSR505ZGX,-0.155421736774986,1,-0.175325,0.931195
207,ENCSR505ZGX,ENCLB299HZM,ENCFF203IYT,-3323.60805083408,434,570,1.31336405529954,adult 37 years,False,/labs/bradley-bernstein/,tissue,['endoderm'],,"['thyroid gland', 'endocrine gland']",[],ENCAB719MQZ,ENCBS522TJW,ENCLB299HZM,ENCSR505ZGX,-0.14137178308778,1,-0.145378,0.934812
208,ENCSR505ZGX,ENCLB105BCH,ENCFF528POX,-3323.9809826641,437,565,1.2929061784897,adult 37 years,False,/labs/bradley-bernstein/,tissue,['endoderm'],,"['thyroid gland', 'endocrine gland']",[],ENCAB719MQZ,ENCBS522TJW,ENCLB105BCH,ENCSR505ZGX,-0.11613762874254,1,-0.081344,0.92992
209,ENCSR505ZGX,ENCLB105BCH,ENCFF539VHK,-3322.60247229608,414,588,1.42028985507246,adult 37 years,False,/labs/bradley-bernstein/,tissue,['endoderm'],,"['thyroid gland', 'endocrine gland']",[],ENCAB719MQZ,ENCBS522TJW,ENCLB105BCH,ENCSR505ZGX,-0.156626638873524,1,-0.118814,0.929814
210,ENCSR505ZGX,ENCLB105BCH,ENCFF545PSM,-3321.66314328738,424,577,1.36084905660377,adult 37 years,False,/labs/bradley-bernstein/,tissue,['endoderm'],,"['thyroid gland', 'endocrine gland']",[],ENCAB719MQZ,ENCBS522TJW,ENCLB105BCH,ENCSR505ZGX,-0.146783980810628,1,-0.158645,0.936571
211,ENCSR505ZGX,ENCLB105BCH,ENCFF451LIK,-3326.41091332277,439,561,1.27790432801822,adult 37 years,False,/labs/bradley-bernstein/,tissue,['endoderm'],,"['thyroid gland', 'endocrine gland']",[],ENCAB719MQZ,ENCBS522TJW,ENCLB105BCH,ENCSR505ZGX,-0.161625556105156,1,-0.096508,0.935412
212,ENCSR232OFD,ENCLB644OJY,ENCFF899QUC,-3309.01111314274,459,542,1.18082788671024,adult 51 years,False,/labs/bradley-bernstein/,tissue,['mesoderm'],,['heart'],[],ENCAB000AXX,ENCBS524KBT,ENCLB644OJY,ENCSR232OFD,0.690176687678175,1,-0.004091,0.941054
213,ENCSR464DKE,ENCLB938OTD,ENCFF002AXG,-3317.39901814928,327,673,2.05810397553517,adult 38 years,False,/labs/bradley-bernstein/,cell line,['mesoderm'],,"['bodily fluid', 'blood']","['hematopoietic cell', 'leukocyte', 'T cell']",ENCAB000AXX,ENCBS170DPY,ENCLB938OTD,ENCSR464DKE,0.801009190055289,1,0.001131,0.958125
214,ENCSR037GKL,ENCLB968HCM,ENCFF280ZTK,-3310.54525619228,348,653,1.8764367816092,adult 54 years,False,/labs/bradley-bernstein/,tissue,['endoderm'],,['stomach'],[],ENCAB000AXX,ENCBS443LLE,ENCLB968HCM,ENCSR037GKL,0.756097146932291,1,0.818723,0.777183
215,ENCSR037GKL,ENCLB968HCM,ENCFF990VRH,-3310.06207730347,344,657,1.90988372093023,adult 54 years,False,/labs/bradley-bernstein/,tissue,['endoderm'],,['stomach'],[],ENCAB000AXX,ENCBS443LLE,ENCLB968HCM,ENCSR037GKL,0.659577798973245,1,0.935387,-0.165919
216,ENCSR000DUP,ENCLB197YIS,ENCFF001HPF,-3336.99950033293,417,583,1.39808153477218,adult 36 years,False,/labs/john-stamatoyannopoulos/,cell line,['mesoderm'],,"['bodily fluid', 'blood']","['hematopoietic cell', 'leukocyte', 'cancer cell']",ENCAB000AFP,ENCBS373UEY,ENCLB197YIS,ENCSR000DUP,0.742616780611378,1,0.758382,0.716646
217,ENCSR934GQS,ENCLB896PPZ,ENCFF341ZRE,-3332.9304488762,542,459,0.846863468634686,adult 41 years,False,/labs/bradley-bernstein/,tissue,[],,"['ovary', 'gonad']",[],ENCAB719MQZ,ENCBS327NVM,ENCLB896PPZ,ENCSR934GQS,0.143555731233658,1,0.010173,-0.099594
218,ENCSR000BSE,ENCLB559JQP,ENCFF000OZC,-3240.36860637789,657,348,0.529680365296804,adult 48 years,False,/labs/richard-myers/,cell line,['endoderm'],,"['intestine', 'colon', 'epithelium', 'large intestine']","['epithelial cell', 'cancer cell']",ENCAB000AFR,ENCBS389ENC,ENCLB559JQP,ENCSR000BSE,0.025048539215244,1,0.723907,-0.607677
219,ENCSR799GJD,ENCLB464ISA,ENCFF834MVO,-3342.23091449303,470,531,1.12978723404255,embryonic 5 days,False,/labs/bradley-bernstein/,in vitro differentiated cells,[],,['kidney'],['progenitor cell'],ENCAB719MQZ,ENCBS835ZTQ,ENCLB464ISA,ENCSR799GJD,0.752799634279988,1,0.728792,0.717008
220,ENCSR799GJD,ENCLB464ISA,ENCFF180JVX,-3343.99922489152,500,500,1.0,embryonic 5 days,False,/labs/bradley-bernstein/,in vitro differentiated cells,[],,['kidney'],['progenitor cell'],ENCAB719MQZ,ENCBS835ZTQ,ENCLB464ISA,ENCSR799GJD,0.792770376427358,1,-0.070874,0.945008
221,ENCSR610UDC,ENCLB054ZDQ,ENCFF553MOX,-3308.62826149473,229,771,3.36681222707424,adult 87 years,False,/labs/bradley-bernstein/,tissue,['ectoderm'],,['brain'],[],ENCAB719MQZ,ENCBS733LER,ENCLB054ZDQ,ENCSR610UDC,0.762722615745823,1,0.894915,0.139173
222,ENCSR610UDC,ENCLB054ZDQ,ENCFF018AXD,-3304.04070781421,219,783,3.57534246575342,adult 87 years,False,/labs/bradley-bernstein/,tissue,['ectoderm'],,['brain'],[],ENCAB719MQZ,ENCBS733LER,ENCLB054ZDQ,ENCSR610UDC,0.718901717663812,1,0.895981,0.175659
